process_id,final_rinse_total_turbidity_liter
20000,461647.7294091087
20006,963608.2364900247
20007,1106098.4586632384
20009,668758.1829518768
20010,608934.4628801649
20012,544473.6592560209
20013,75049.92984100213
20015,188069.2645835923
20020,635166.2833581187
20021,351020.7119505113
20022,515713.59293120715
20024,589449.6399285276
20026,433871.85543617187
20027,1093622.4149576917
20028,292528.5244549295
20029,525927.7744829208
20031,4030956.9098617253
20032,596091.143854971
20034,243022.6136693266
20036,366015.90895007545
20038,53851.8090949533
20040,360640.84554424795
20041,3811801.762459745
20048,2076481.6737066433
20052,1106240.8754116076
20054,556121.8031501918
20055,417028.79800113203
20056,291990.4082643924
20059,22858.512419106806
20060,152587.32210845497
20061,195302.7681644238
20063,976379.4526432421
20064,2265009.955750995
20068,817509.0910633306
20069,991298.6543530714
20083,167077.65153566637
20090,137651.0417335011
20091,2823630.7827878427
20093,1880664.5156090832
20095,805967.2830843147
20099,1327359.3835051497
20101,57990.81181102521
20102,38828.90772408792
20105,192064.67452387186
20106,688798.7401944054
20107,838323.8946111794
20108,210386.0611628064
20115,171260.39993271095
20122,689912.106010284
20127,380519.70614793984
20137,606225.5206791898
20139,601835.4793047899
20140,424682.9838934739
20150,363569.56018556753
20156,565250.0301167067
20159,1783418.7648087163
20169,309995.8345724142
20170,602276.775803175
20172,143172.94577538472
20179,1610239.5222759193
20180,138668.60315481838
20181,514936.1048894872
20183,207355.46688196948
20184,559365.9113507804
20186,251431.5480127031
20188,1188071.490767523
20189,689777.2585346688
20190,633678.24616083
20192,606303.8654523597
20193,486236.35081864044
20194,1228566.3253673106
20197,3067802.896755349
20200,179353.24822729605
20202,505908.2278674904
20207,2396764.956307214
20211,2968115.8036517017
20215,732540.6106488571
20216,539163.7220375267
20217,215486.95044875852
20218,260451.560401589
20220,2050573.6862763753
20221,564875.9190045269
20224,468512.3279941897
20228,657952.4537411504
20231,770582.874988688
20232,247940.25496329248
20233,385059.07815182523
20234,1970772.4688983548
20235,74975.1062626396
20238,522629.54951408517
20240,741444.4608770907
20242,3054811.4205734576
20243,1301247.9002248044
20244,277269.9538053531
20249,31711.661539111486
20250,583395.4650983101
20252,196318.83111365407
20253,803695.4969334687
20263,188669.84167740395
20264,3871010.3594253305
20268,756560.3760584132
20269,3813441.3645362887
20270,2477882.440850508
20272,613414.5405335008
20275,89813.29229309174
20277,3759406.8938343986
20279,1384187.651491299
20281,1416443.8738889813
20287,2605831.583090289
20288,4200380.219032989
20293,1122928.6494160001
20294,610996.443484573
20295,606416.385592682
20296,560716.8604172583
20298,1027247.6195321336
20303,3061394.403425204
20305,264362.7804899746
20306,233048.86003430025
20307,227755.81547771752
20309,3661127.9789912705
20310,448765.546768439
20311,616156.2726041824
20312,76906.54203786478
20313,266620.86972897407
20314,1137557.9162376935
20316,3749413.1098138303
20332,2567667.7652386082
20336,3866806.1931924024
20337,893380.4516225284
20344,741373.9557141968
20345,648323.3278347561
20347,54394.660458479884
20348,609370.1779806276
20350,2308458.1430786517
20355,857347.6618022369
20357,239980.12783117185
20358,25292.69336828321
20361,296366.6180565457
20362,150191.2227908228
20366,3081989.444217029
20370,1322316.0622658513
20375,467666.3675800025
20378,110258.69693283859
20379,270600.6654651183
20384,1342932.755901869
20386,1171290.4842682842
20387,42000.71784777915
20389,522810.0764957579
20393,60002.55436774522
20396,1252210.3211303283
20397,863197.9563434676
20399,255364.24585213632
20403,624314.8353832271
20404,819214.3874859231
20412,904125.2308662435
20413,193809.79038571226
20420,491873.46608493465
20421,21023.64309421405
20422,24842.154075320344
20423,499484.68508633407
20426,703442.9753522428
20431,3096257.0111033893
20433,573158.5854050426
20434,58635.45906548401
20436,1109741.3883716897
20440,479689.307287127
20447,1119632.0957804963
20448,377481.66896770603
20449,650711.8607315917
20453,519566.24189501366
20454,477897.2062723793
20455,247264.17266165323
20457,416063.01586023974
20459,1355412.7190110653
20460,603918.4470788782
20463,33093.993532117165
20465,650326.1342281452
20466,447844.33232161147
20467,2367471.5982447313
20472,877460.8484758277
20473,711189.8987788605
20474,844606.8527368555
20476,673441.9383903464
20478,418540.79363343946
20484,748769.0020597271
20487,437276.77180184814
20488,3678963.544348549
20490,509671.58076941903
20493,4041121.3242312535
20494,1634928.758863248
20496,1268837.3577179185
20499,1292739.4792138857
20502,2352199.4915541434
20504,160005.933911464
20506,976869.9686216317
20509,2460432.2412179187
20513,471979.80858160974
20515,2859161.7012865976
20522,1294663.3225566833
20524,2084682.522666936
20536,66919.5888747515
20537,1430175.2564167276
20542,662172.586509523
20543,581082.935825212
20546,677188.5702813433
20553,837702.8969019391
20554,689920.351912866
20557,3741524.554230208
20558,1264656.3535164518
20560,193239.14856379846
20564,1069725.2114956656
20565,359881.98400910984
20566,346593.7536221081
20568,254755.04658887707
20569,713590.7676542447
20570,125464.69837180729
20571,920949.0880617737
20574,183592.06226434192
20576,238651.9574485474
20577,543495.6872754262
20578,499594.46197851247
20579,427455.80856096337
20580,525659.411323712
20587,762888.5229356765
20592,687127.0987164056
20593,147808.21423227148
20595,1688050.595497773
20596,243186.37157842919
20598,154103.1403536249
20599,240373.80313763316
20602,55431.739827578436
20603,254057.95238711018
20605,218296.36866644956
20606,1330764.7127434989
20608,24468.247660539342
20612,54295.945694685026
20613,555020.7675212827
20615,1308842.7104437489
20616,56075.80436973902
20618,577231.3037173619
20619,707876.5143582365
20623,488360.09131815995
20626,585653.7440183838
20627,135705.241901192
20631,27141.27109085526
20634,2445728.274372089
20635,409232.88393592514
20637,491309.09352257074
20645,46376.40435615334
20652,1009803.925647518
20656,648939.4844453944
20659,276157.9651641136
20660,564606.673697213
20661,226226.86280525732
20666,2103374.215042283
20667,258528.8229740174
20669,283784.3708250004
20677,1270101.2973853084
20681,1131696.6249202082
20684,3345390.7406343715
20686,1282518.0817508153
20688,702794.0119038844
20689,158636.98659224593
20690,20900.97735279519
20694,2569878.6469853637
20695,4031601.696878467
20700,1732367.5426489087
20703,47985.31481717372
20704,433426.7914129584
20707,1667962.5085260768
20711,3876494.2893873136
20715,159361.1117474288
20718,20410.745744590102
20719,532791.2556498058
20720,523416.0904768572
20722,215979.51003852952
20724,55398.545519258114
20728,1071605.3242699928
20732,166480.28541597837
20734,228752.42370519755
20736,483854.635864878
20737,237345.26613551957
20740,3727965.8872805615
20746,149046.27503584398
20748,145230.833505121
20753,422945.8662840732
20754,4028693.8545298744
20756,1292931.2990717501
20757,1332368.4777290956
20759,1773682.6580085608
20760,1525216.271090932
20762,908400.2110056694
20763,1714309.9062602185
20766,1361942.8892020308
20767,1684832.8040195087
20772,39508.52617477055
20778,639095.6441627122
20781,617757.0122015547
20798,948845.6897325363
20801,2318477.7695456245
20803,247526.77299619358
20804,2764546.077933336
20808,2121139.0198709914
20811,155090.50006671302
20812,3219173.028263275
20813,3823991.328733177
20815,276494.3400901439
20816,341049.1968948025
20818,890015.6750908305
20822,1777702.9391355233
20823,3334305.4729506657
20824,141478.92591781198
20826,954342.6237570073
20829,2473292.142922294
20834,902974.9592848105
20835,818176.2967000476
20837,1103927.0694698326
20840,76521.31171415883
20844,3925558.9564179964
20849,490159.5514023192
20850,486248.4045802575
20853,475296.10093224887
20854,126070.85690786522
20856,641296.9394081621
20857,3776278.275432267
20859,4426581.234182844
20861,3934819.060517189
20864,3081660.60104683
20865,3893854.670034458
20866,194134.25577990152
20869,738583.0223769578
20871,554244.3303715088
20872,247305.2657648831
20875,295388.26659352565
20877,1292546.6470194804
20881,227025.50616192177
20882,1114436.502994501
20884,959111.2253247467
20886,589031.9519130035
20887,1851626.473362989
20891,561810.0922737217
20893,801333.6821459602
20894,644472.7270228701
20895,2682841.008406114
20896,628257.9723503471
20897,715216.5445723709
20905,45897.150742595244
20906,44672.44162103321
20907,601958.0100499284
20909,851819.6332895178
20913,3969069.2513338244
20916,56024.587961666286
20923,1424499.791044788
20924,265068.30477730744
20926,1263425.765449841
20930,507198.0283570168
20932,1992580.7691915224
20933,1161491.4283622133
20934,966169.1384514198
20935,245434.87404172024
20944,2421645.375184286
20945,522158.4917566255
20947,1953491.894180518
20948,627411.5076331825
20950,623360.880856059
20955,556774.6378737668
20956,663769.8806521321
20957,56758.18307871542
20960,562879.0270089043
20961,79957.95606013945
20962,607652.7551818185
20963,398718.46632721863
20964,1143324.7987554723
20969,28889.16318378742
20971,256592.7119175955
20973,651866.9588028666
20979,2163688.54091912
20980,1111165.4509815671
20981,1181868.726826597
20982,648420.5234220424
20983,244933.5671563679
20985,3881715.078389345
20992,1312929.7021752438
20993,3832970.5030533154
20994,1060436.988589551
20997,3785243.5667634294
21001,239975.8266325158
21002,52568.37342492789
21009,3951474.303316578
21011,307737.91651695664
21016,160229.98642414084
21017,1577750.0709039303
21018,143390.92298802108
21019,72329.44909302161
21021,183791.51878276205
21022,648988.3237009527
21023,31379.733072955976
21026,2670674.907257577
21030,3979290.982103896
21033,318899.4536239995
21034,942368.2013394565
21036,376503.53100740694
21037,2762606.4679862033
21038,335437.3546874971
21039,2224100.4636215516
21045,754531.909082453
21046,239965.49058427737
21048,1437236.5463339873
21049,660704.2377502642
21050,618069.6697778312
21052,900231.3338272399
21055,820601.2890679905
21058,1055952.3685240091
21061,823175.7172470571
21063,148072.58422161508
21066,152808.7003116258
21069,600104.8825267509
21074,802253.48062944
21075,4288383.33915866
21076,1598932.7804852137
21080,1415637.46220852
21087,2432709.430596577
21088,555581.6371240641
21089,2496335.0340636037
21092,532901.9733649151
21097,629641.7557149217
21098,1189338.1785744291
21104,1075347.8064567572
21105,765537.1642087151
21107,888115.701786792
21108,758933.4680933331
21109,145168.43033068723
21112,766012.4895163178
21113,693967.8707845712
21114,4057925.4743332244
21125,885031.8529754378
21127,2148114.3410207275
21128,368338.22316562745
21134,2453028.8869285644
21135,557813.5122704611
21137,801548.7507329716
21140,414833.3596431918
21142,447471.2414662983
21144,131818.69572290758
21150,725169.4729904487
21151,231671.2934130917
21154,150785.80101023076
21155,793393.3566754905
21158,593049.8119644123
21160,387801.49727228185
21168,95032.37813183997
21169,166139.1569377161
21171,1090522.542996419
21174,224105.97402415803
21175,763341.0739207129
21177,1591293.5658816912
21178,576064.8661251448
21181,760178.8316417614
21182,3692285.8128609993
21185,558484.0545935684
21187,683783.2421870033
21189,315287.3401471413
21190,1744304.728712734
21191,481915.0109878949
21193,821058.6695076035
21194,697655.422410311
21197,611904.9257114078
21199,1204884.324051557
21204,1054417.0659694816
21205,44105.641158797756
21206,687795.1276226555
21207,485046.292145775
21210,3928212.7274457705
21212,1093988.340232296
21217,1372494.2690491995
21219,311010.5229672057
21220,137814.91988223128
21221,3087079.0061149322
21233,1222386.7476101315
21238,202891.16460036175
21242,637467.3069152446
21245,667925.1683841136
21246,326304.44505076087
21249,235051.62820544792
21253,247924.92468759595
21255,1714440.140229722
21258,3879170.093094969
21260,2081522.7334902228
21262,443049.50386544445
21264,873918.1486943815
21273,351608.261786448
21276,547158.7954448663
21279,637343.3165252062
21283,91790.25229239523
21284,21777.562483519327
21287,283706.5573820634
21291,723444.6034725534
21292,1355462.4696754324
21295,677927.1189936402
21298,19467.50852378314
21301,22591.03934399565
21303,3747860.648666793
21306,559025.5746950601
21308,271211.2395141659
21309,218781.50267247326
21310,2589619.3334910264
21315,1776683.677887654
21316,346341.4685296468
21322,708324.9117754038
21323,889633.0922492909
21324,687462.5568644044
21327,1602797.320785417
21328,187484.24700986882
21329,734652.5242398153
21330,1288646.179358696
21332,908513.5349071008
21336,3599341.6362948315
21337,3932394.4302921304
21339,905447.5052404002
21341,664558.0321609813
21342,1115136.0106028947
21344,548294.5859221654
21349,706429.2750118714
21350,714242.6302356757
21351,141106.95978067152
21352,3954689.9944453826
21353,712389.0157813195
21359,166816.24463811365
21360,3742781.8038794105
21361,701201.0096947678
21363,413183.05483806727
21365,560864.8002759167
21366,965621.094047126
21367,538671.1054183654
21369,447050.37776693556
21370,23114.217088683035
21373,552599.3054199372
21374,695234.9443529244
21375,1180915.912909992
21378,166654.67911683043
21379,2744301.2702945247
21380,521438.62370455253
21382,745320.2333939376
21392,464226.74582859664
21394,3733782.584076068
21397,371185.3391888792
21398,2171071.628871331
21401,128193.6120711164
21402,200715.46278677293
21404,151836.58400609816
21405,231478.26828074953
21408,3846733.2294655805
21412,226938.5369597132
21416,481995.6194591705
21417,312026.6871298779
21419,620190.3137899378
21421,1338593.2609942781
21422,1608519.280883805
21425,2009123.3087740005
21428,670700.021716039
21430,729695.4343363164
21431,634631.4250584756
21432,257679.55449809428
21433,155809.19169110636
21435,1456963.4980581112
21437,629014.709730832
21438,194537.73582820623
21439,215421.82965850728
21440,241711.15774880923
21443,56843.60084735065
21446,1151336.604736307
21447,76119.95941804712
21456,296921.8032501381
21463,2222088.8983652918
21468,606393.2179516371
21471,229648.47365868464
21472,2185648.9339089654
21476,56779.052301166426
21478,255213.45267673954
21480,21450.40687858576
21482,2104702.08735368
21484,668532.8537617959
21485,316721.001528735
21486,612470.2059457945
21488,1141662.2990578345
21490,1672566.822154768
21496,687604.2624155463
21498,2959449.931153239
21503,685678.5678269109
21504,868306.6320308846
21505,221734.5873931948
21509,567938.0698229816
21511,1388017.1304410961
21512,284194.2577280875
21514,573819.2635240889
21518,262507.5834821352
21519,1754931.1951865514
21521,85921.13909622627
21524,827324.7123828345
21529,4159009.8952126913
21532,83863.61287742859
21533,3963755.8706142693
21537,219963.5047971373
21538,4113559.1683796127
21539,823588.3850085277
21541,1271400.7629749137
21542,3799713.5118229925
21544,582274.7408996155
21548,181633.66658566354
21549,662090.4053940935
21551,549233.6219030058
21553,711743.3517533238
21555,3648511.4967686716
21556,2389136.0624512993
21557,517858.26862789504
21561,3970978.0839880584
21567,823286.2729962951
21571,226514.51585469497
21575,441616.3990555627
21576,167598.65896530866
21577,51375.16447481142
21579,2658906.470620587
21580,592632.4440768182
21582,500102.3180278089
21585,888936.3840010106
21588,5156491.900535137
21592,57173.66047369148
21593,465993.9135814867
21595,1346789.3451401647
21596,51213.38248899401
21597,671382.9983121079
21598,417073.09136974654
21604,1726765.2858068892
21605,792391.1766570478
21608,3673723.8253087658
21611,328763.74828729394
21612,550432.3173200974
21613,699285.6572404653
21614,2560808.329588758
21616,665924.3109370241
21618,839159.9610003505
21622,3901241.2221484017
21623,45971.88427161258
21625,897713.1497445813
21626,574141.2825217096
21630,222857.7809685173
21631,408131.2694494463
21632,564703.6063125535
21633,78764.00892332171
21634,1629684.7225960311
21635,102696.6977662468
21639,1159688.5832225033
21641,1493415.6726328132
21642,410152.01828878577
21643,19466.21263371153
21650,263286.82241502136
21654,560115.6914162174
21657,1120115.5818507099
21659,2322147.0019734483
21660,883841.4666391785
21667,1180867.050453098
21669,803565.6938431383
21670,859885.9187404531
21671,89055.61014534891
21672,1746451.6243599195
21673,1901627.3474594036
21676,414262.4903239732
21677,1008380.8477079818
21678,1609558.7230791792
21681,143334.08482686782
21684,3875885.2562680733
21688,257153.90988317796
21689,1320894.3327653122
21690,251765.73693888445
21693,212782.60045037864
21694,361654.6883494339
21697,489682.78712041024
21703,1067065.273447688
21708,4044691.3279793854
21709,136539.76450904607
21710,3884565.3098724997
21711,539234.9680249842
21712,233065.69979161784
21715,519681.5019201822
21716,537685.1661236977
21717,3817686.799336614
21720,133966.94583393203
21724,621058.3429747811
21725,618107.4368763993
21728,834035.020842105
21730,3990075.4350502803
21732,500293.8568625699
21741,152300.1819308952
21746,2030450.0204337365
21750,468673.55737386184
21751,415293.6008457351
21755,240707.3579759895
21762,1713201.124065596
21764,2934748.5948694004
21768,642038.6648420198
21769,1238831.6824316054
21774,25769.58887305791
21775,62692.80350288745
21779,2153607.6809616503
21780,395421.0055208057
21781,136237.52519900558
21784,3787937.88904031
21786,1146669.1690726336
21790,216549.52348590922
21795,786260.3963611758
21798,683032.063783615
21802,2409942.1458814032
21803,746433.453322412
21806,1437851.731860608
21807,503745.6454423115
21811,546628.8907343694
21813,66507.67521805466
21830,561148.105372221
21836,284374.3920185743
21838,697890.3122295812
21841,2032813.3168083231
21845,387305.61582150887
21848,185029.6201111526
21854,255241.40500510324
21856,70217.38570603244
21858,140293.62082551213
21860,1132321.8451651826
21862,2986688.02631564
21863,567701.969505737
21864,831961.6344917762
21867,654342.5052796393
21868,240242.00848108297
21870,61477.48793728304
21871,1645620.299869621
21874,863688.5738375494
21875,792682.612371946
21877,1191792.149218616
21880,216969.06143709988
21882,19983.176718290837
21883,4042515.2695268523
21894,669777.4172241859
21895,916887.4682775852
21900,3926213.8633480347
21904,28430.921017142653
21910,1232073.4566868495
21913,192798.62202840223
21920,947769.7472495661
21921,452381.19208017614
21924,317994.2094274071
21927,356172.74269000464
21928,691111.9590365422
21929,368667.69546926103
21934,551334.1908526602
21938,243242.7675574488
21939,912164.5853593453
21940,589257.9062904508
21943,676437.6457596368
21949,1847953.2072422241
21953,754746.7567404254
21954,689628.9308772432
21956,175161.48228204434
21957,91980.94483404481
21958,410567.1893882684
21959,288309.2024178685
21960,613089.6008919814
21961,1230071.8172786634
21962,141536.6835320895
21963,554083.9551961283
21965,71701.77780460088
21966,464510.4445820964
21967,442870.7913487946
21968,463827.2724744979
21973,131394.75401915165
21976,2560685.889320277
21977,279830.17307017924
21978,3753159.538316523
21980,708404.5444815942
21984,3001477.0813175603
21985,609773.5285205265
21987,3172974.7372108656
21990,3724242.940678421
21992,33213.37212720703
21999,668492.4204164536
22000,1958393.1927938543
22002,593544.3031274278
22007,307561.6016697577
22012,928161.53755413
22013,577783.1144279983
22014,576048.5978780164
22017,725687.4826351245
22019,240101.55236977848
22023,644858.5622691469
22024,455712.46862247016
22027,748541.6261388244
22029,215389.83427690592
22031,627889.9866251426
22032,341288.8920798508
22035,784664.899986769
22036,24469.11333126088
22037,1226903.9705759387
22038,977254.9305341165
22040,1128183.293881807
22041,1541840.0452574007
22042,590675.3247274946
22051,828337.0268361762
22055,2443019.960535141
22057,24182.67120932166
22058,2201925.7838769956
22060,585945.8910649488
22061,1298438.392838892
22068,592576.2278747773
22071,3908850.204303312
22075,3186124.4246194083
22079,248409.0213371457
22080,1358573.1248264003
22081,1283046.3088886458
22084,489700.7583717943
22085,1133016.9796271308
22086,651088.6764230293
22089,3058261.9440010977
22090,4077984.329102829
22095,995262.1879942692
22100,3708198.4593350184
22101,2023972.350819672
22103,259483.8709885055
22104,193970.15068555437
22113,557929.1069237076
22122,157641.57333960576
22123,720127.7720604591
22128,354000.6330804537
22133,546485.2403602381
22136,883150.5361021085
22140,346928.08591353276
22144,843371.8779730997
22147,294859.02227617474
22148,41613.18064365847
22152,41506.6852911846
22153,826705.3837945391
22155,863471.9026650129
22158,602128.4331728328
22163,494372.57848693395
22164,28071.40160447255
22167,181076.09654840967
22169,236935.67967410912
22170,235250.03457425113
22172,1250895.6763283801
22174,678519.6674691811
22177,847891.0866453974
22181,586480.225332694
22187,297454.12826681836
22188,715028.1403597794
22190,654005.8747264292
22193,500241.86662015284
22197,1514201.9565872105
22200,548361.7661965915
22203,693865.7096882241
22206,117464.65590817398
22213,620885.3175219662
22216,244270.82974507555
22222,209407.47664889257
22223,564936.6760955196
22226,1129860.473371856
22230,399673.6853411237
22233,209596.90488873396
22234,3948088.7287269435
22236,232883.38079722688
22237,234461.83877455065
22238,275354.36289901705
22241,289408.1913491519
22242,213652.6635817217
22243,535126.6693129779
22248,907440.2448141989
22251,414185.2263425477
22252,947336.9673782379
22253,93040.75694354615
22255,3662985.294084126
22256,121592.94603903833
22257,739251.1258794632
22258,573989.5783971768
22261,2317441.3305752524
22263,744538.6456069893
22265,866389.3462288202
22267,289891.8045103067
22271,623454.9282923215
22273,458433.2418728317
22274,19996.732131134922
22275,1162208.509083932
22283,233859.51534138643
22284,699257.6352064394
22285,862006.0025180539
22291,755615.863312991
22292,56719.017846730196
22295,546288.9272923376
22297,378096.77998706524
22302,2275436.5368743013
22306,20841.095790557054
22313,4051490.0222909087
22314,612419.2882156753
22315,645589.424177391
22316,529388.598891346
22317,666912.2259789038
22318,156230.36787666738
22321,262989.86492868356
22323,821196.7361495198
22329,850026.6942615533
22332,401349.67494323157
22333,4278537.694408826
22334,510753.4374641137
22335,639961.7141863584
22338,1379331.2059435458
22342,180684.2764146469
22346,706016.8448362771
22347,708736.3771869699
22348,157192.00734595314
22349,737548.3803533749
22353,1006715.238357298
22354,899140.8356119619
22357,142298.37150033697
22358,53187.80088948768
22361,2252482.722707359
22364,845212.5659851363
22365,1154668.1846168034
22367,900856.1302928822
22373,127796.14012527867
22374,592882.6654327477
22375,3884504.4507592027
22377,572286.2949473093
22380,3871451.0551236253
22386,4389025.818662879
22390,796040.0378873365
22391,905609.5796569095
22396,1638794.6299033267
22397,288828.30156427645
22401,77631.7881497246
22403,2270755.064073386
22404,485564.4488187401
22407,232243.15819897587
22411,575042.9055851992
22413,2165440.5594161972
22417,546058.732810116
22418,3823512.841017425
22419,150410.2986730048
22420,25603.284108520387
22421,71186.23906293811
22425,881507.0306947363
22426,214076.99734269848
22427,3819126.939849933
22436,847341.021121965
22438,945807.5891912745
22439,674122.4641581598
22445,551461.6883756936
22449,1611405.1964507827
22454,3215668.1444993378
22456,2326160.026789578
22457,52653.88010861918
22458,434130.89945523726
22459,763718.2679042913
22463,738642.031420117
22480,281933.22309549997
22488,3983565.2393471496
22489,749877.1722133821
22490,2405447.03854136
22493,201988.61186673836
22495,603915.6438283997
22501,1217418.2956291984
22509,869728.1824695076
22510,878801.4541069758
22513,580671.9860170138
22515,345752.1695504178
22521,579966.8644504522
22531,51841.71269392901
22533,81582.1741836089
22534,152578.45856329324
22535,1073386.4563066114
22537,1680542.5251027104
22542,488199.256763991
22543,496902.4329993596
22544,2904948.2231840007
22545,128401.08896119882
22546,551101.9496083531
22553,3949583.9425744833
22560,2124102.6982492716
22564,3805531.701060353
22565,55279.76798627474
22571,516992.78135778895
22572,99479.40451948669
22576,554423.00720742
22577,249327.6029042165
22579,3841153.5580072794
22589,243769.36441249968
22598,3973850.7674967595
22601,1298900.7467885502
22604,659513.5917741264
22606,235110.08278440783
22608,24980.004556703
22609,1486176.476196064
22610,43412.519723098456
22612,2222261.8107221513
22616,1237683.5261861065
22617,288522.52850174403
22619,675953.6379278819
22620,1624456.6452810888
22623,686854.5107631657
22626,3128709.724842593
22628,2574718.811193816
22630,231575.83202397337
22631,499711.20066538866
22632,602265.772748805
22633,478101.09320284147
22637,691035.6842671492
22640,3848509.788989921
22641,859686.9716450702
22645,1211166.2648798074
22646,512658.2100560298
22651,227703.41776602037
22655,546131.2778016656
22656,809268.990297227
22661,226176.38134263022
22662,1074330.1120286225
22664,653516.9235751719
22665,411614.0244087229
22671,357190.811329524
22672,812239.3763425171
22674,29220.323601376556
22675,3738671.319048457
22676,1217729.2754207344
22677,1274828.9389869594
22679,1182060.6881740713
22680,3928648.2109707594
22684,1214554.3076819037
22685,697127.0217895043
22686,2408879.5281309085
22690,750680.4617394898
22691,645658.0870291113
22693,759157.0551144179
22696,1944882.9139319547
22698,344285.216634961
22699,645340.748705839
22703,648615.965017891
22705,1036781.2030017561
22706,46087.845959152095
22708,549663.2963973552
22709,558156.7565721389
22710,691856.0006179374
22711,695105.0117912958
22712,3667636.637568384
22715,589045.4411175067
22716,1617752.742365498
22721,3820085.9460601453
22723,637945.8930009165
22725,418308.2796261891
22727,565779.5831288378
22729,755630.665821929
22730,114669.27249137493
22732,1312819.092374405
22733,889011.8273332044
22735,19919.866658094783
22737,18334.020245274
22741,296680.63957264717
22746,561278.329579738
22750,686067.4792696985
22753,623823.8402884628
22755,147143.10216665754
22756,448639.7845286392
22762,1387455.698303513
22763,270595.42291197815
22765,1360367.1421521534
22767,301869.40859993413
22769,812648.4115182331
22780,589137.6457869043
22782,775585.9286842984
22783,728070.5452526701
22785,579562.6495076886
22788,1122445.3607572722
22789,992084.7410898112
22791,715751.1354266109
22795,607374.2088727085
22801,651617.2087535171
22802,728653.3029588629
22806,345267.3491715436
22810,306979.7478495468
22811,4324529.05075577
22812,1492910.114175817
22815,1210621.3674892413
22818,691887.521793979
22822,740783.9944087653
22829,2777575.03381256
22832,782121.5190550768
22835,221608.15425968292
22836,138489.96381743546
22838,3859599.2950212406
22839,2229856.7497505536
22844,384748.8088854235
22845,692737.5869643677
22848,65272.6075016973
22853,266309.25584680383
22854,1172654.757508741
22856,58889.993528508
22857,1758203.5014057031
22860,162689.06049014718
22862,614386.2226995819
22864,736000.1959538866
22865,57874.42853724392
22866,153371.5490098301
22867,438877.1567333488
22868,3882037.969723763
22872,146049.39473543753
22875,535640.7616872462
22877,790106.1856432165
22878,511754.0757225856
22879,3755915.252602328
22881,584314.640603013
22883,1388707.1451708572
22884,66747.63101479296
22886,1066753.6519162145
22888,724863.0138959244
22890,490743.2984819053
22891,533222.1662278753
22894,244905.8471302702
22895,170866.329343629
22899,663568.2430312308
22903,55392.79619717458
22907,1226271.4108479933
22909,672536.2128235733
22910,431614.3540174109
22913,559770.0745366333
22916,570188.7317030829
22917,1295248.2684782643
22920,791637.9594198501
22925,617070.5200828328
22926,3703298.7148393886
22929,336510.8040877867
22931,810385.6272927389
22932,2321427.07982754
22937,597600.9082136442
22939,704231.55637114
22941,184606.76092963247
22948,673692.3348909213
22949,248778.39619358577
22951,619950.6739022783
22952,3300480.508873738
22953,499216.49362893647
22957,4071270.1272229278
22959,229983.95800966356
22960,1001670.9579292972
22962,807995.9699540925
22965,355215.2723719146
22968,472304.7187112984
22970,150740.46443220513
22971,299274.8111924906
22973,162807.9382303388
22974,234863.02248230515
22976,467037.84456487413
22977,837081.4051732796
22980,1195345.9109303735
22981,58123.077539966835
22987,1068975.5349434342
22989,263828.42474500946
22990,683880.3122443473
22991,771619.145785051
22992,2162344.775121348
22997,524717.7418890785
23004,702917.5527705767
23005,589194.1600804556
23007,3937455.9857590985
23017,592274.9571794467
23019,128335.67403646777
23020,77336.1480085101
23022,1768187.2663236987
23023,527989.4550364175
23024,231656.85374475218
23028,4049991.747092619
23030,1003666.9091361619
23033,810786.8255181216
23035,525468.8607820729
23036,164738.3985084724
23040,224546.48491150432
23044,254034.74265625287
23045,653051.1031680546
23051,3623643.3382822024
23054,640599.8072685167
23058,131436.42736522437
23061,522874.46093227185
23062,568118.1819655705
23063,1648998.57795929
23064,1253731.1757338084
23065,818860.7242083402
23067,1680417.8298766105
23068,1742967.808637502
23071,470340.43455176253
23074,730728.3352711044
23077,182137.2687067542
23078,982760.7595022715
23080,1898955.3088581294
23082,1519329.9348462727
23084,456925.5793111884
23085,1245058.719914241
23091,275473.69869285915
23092,719584.0506457193
23093,471049.7088446161
23094,643029.5168534948
23096,233269.28451798207
23097,2343562.022557235
23098,245108.3304890147
23099,3888364.2914227694
23100,1140691.5876749435
23101,332438.46671938914
23103,1082345.6210826384
23106,496706.5561450732
23108,619203.3209180688
23109,240473.9160514418
23113,30918.482535388295
23114,639539.1234960578
23120,661655.8897974087
23121,1995540.980509896
23122,2672112.578222241
23123,263792.5910158142
23125,3678488.1654970115
23129,743495.6646778471
23131,80540.80233928846
23133,179113.0001156973
23134,682655.3397547189
23136,790473.432153511
23139,527289.7697521667
23141,1073056.1384615088
23144,57593.03284815982
23149,483980.39347359823
23160,234075.96474284105
23162,764190.1367327414
23163,744419.2883482598
23168,3735244.4404799296
23170,736570.9145285852
23173,49635.13587282874
23175,1846424.6607713008
23180,217470.78535598234
23182,285927.7980761639
23185,3971416.057019301
23188,31879.014611146533
23190,443823.2097182681
23192,628183.517374544
23195,204556.142976774
23197,3847867.706377248
23198,1619658.4265117627
23201,27455.629816454577
23202,761403.9963325877
23205,3167893.7675039885
23206,746047.5035529989
23207,471077.1512015123
23208,3453959.0352141187
23213,1057045.7943051911
23215,754864.7504247776
23216,675238.8280989509
23217,444115.2339869981
23218,350806.08136483864
23222,985858.6310073991
23223,1247710.8574616527
23225,441722.3015452735
23238,113628.35977257877
23240,740221.5647332855
23242,245013.99810385238
23245,3248175.441708959
23246,219449.51669199765
23247,922230.3548207119
23251,904429.7049445702
23258,1800415.8870848094
23264,818461.4301672744
23268,400018.0116266137
23269,612138.9356444672
23272,53101.9459717531
23274,52554.99637523375
23276,3420277.770032457
23277,1017894.7029446535
23278,518635.2627522763
23280,53205.93532573886
23285,396051.62776647945
23288,1210069.3635233252
23292,671890.1444604276
23294,20833.594852349208
23301,3717751.675045174
23305,231149.8041866945
23306,1321213.9608371325
23307,123118.54193348438
23308,68465.88230695664
23309,627253.3274191098
23310,471451.55369196826
23313,53869.63922728614
23314,3071525.0553010837
23318,992322.9331624034
23321,1355525.5960020968
23328,221411.2630744009
23332,2346338.565049585
23333,617609.9048993558
23336,593153.7470482009
23339,311383.5022126243
23343,1048155.1050343334
23345,600874.9155365631
23346,4150645.5152232572
23347,336210.81870996003
23352,2445159.530246588
23353,1099657.9794707464
23357,969441.8537581674
23373,757697.8353428954
23379,685188.1670151548
23381,629810.561155669
23383,22768.761263373926
23384,883194.863555626
23387,52384.29607246736
23388,182335.6069424016
23395,3635947.543049653
23397,242378.7179838542
23398,349354.74393692764
23399,685301.8612732695
23401,434156.48433935695
23402,2587208.105197409
23403,3811835.0048280777
23404,615497.807154014
23405,3949435.5213143947
23406,656061.1755981053
23407,3883971.0707680625
23408,528165.3507730926
23417,488944.29173516197
23418,141716.60388994118
23420,151471.49194086445
23421,172833.66125332564
23422,682551.7250840424
23424,3926643.8395112283
23425,1397686.407615441
23427,36931.57877786308
23429,2268953.0891140467
23430,1199148.0577539417
23432,166048.83948902108
23433,26618.035991583245
23438,3616131.205443066
23442,249834.33689262153
23444,2415743.914395778
23445,1165328.6463235074
23446,196314.1966144058
23447,721476.8931110075
23448,3632497.399280952
23451,2084160.746697299
23453,27803.550440930692
23454,594365.5697339004
23455,3027845.276680279
23459,234703.99395999493
23463,4606048.799977932
23465,245662.85405382788
23470,257736.09556627824
23473,1094688.5853982621
23475,1434069.248798389
23477,1576998.6726207538
23478,556031.7865545497
23481,1575828.840897256
23484,1794830.3586458098
23485,880654.5156258289
23486,4001019.2984771575
23487,1571118.2928587205
23489,621579.0879291449
23490,596348.6480094442
23496,231753.5581987472
23498,629183.6798878105
23502,3800208.455891137
23503,404080.0997986239
23504,980701.4463626023
23506,224140.99696008192
23509,1911543.0476365157
23513,3158986.122519494
23516,291643.0686198253
23517,862615.3936192633
23519,815091.9917126353
23522,219818.74159142806
23523,270270.35337223206
23526,985787.4508328696
23528,4005874.933552947
23529,4429617.832987037
23530,672922.678445834
23531,172925.4550030286
23533,1687207.9844997628
23538,1624108.7505748582
23540,198247.43432148712
23541,3897848.2917445065
23542,1538109.7511180672
23543,220702.05958172813
23546,851125.8059756724
23549,563760.2841416831
23552,100216.31840899242
23553,2413669.7349784826
23554,373868.1874117349
23555,520549.0371904912
23556,197395.71148434852
23564,689448.5379577064
23566,1092166.3000333428
23568,417937.7817740573
23570,667087.1976584212
23575,611926.1676998874
23576,1215665.743065627
23584,2769929.6551613254
23588,3599505.282375083
23589,3727529.3612013636
23590,680438.7403396057
23593,841803.7465244182
23597,52320.21992774299
23598,636940.5498099428
23600,3953750.2091331887
23602,731929.105235994
23604,2675027.419174506
23611,567106.9869890664
23613,3725547.7097658007
23614,4002828.2743249554
23617,216492.77031503886
23618,477938.222801879
23621,4042817.988545339
23623,415684.0722335928
23624,166286.81625091808
23625,943191.6408453361
23629,24989.277154658357
23634,134591.42438424297
23635,1078048.935926501
23636,399940.48485813854
23638,982309.0289720024
23641,379844.9714890059
23642,165046.52953630683
23658,452839.38161631656
23659,1004702.8459507584
23660,823379.6231176434
23663,1169966.4716853427
23665,158934.3447485878
23666,797971.7536050214
23667,1786966.6201424228
23668,405873.23941067135
23670,571626.2872335489
23671,729109.7429497114
23673,1580218.8617549192
23675,266119.8150904455
23676,1100674.8531301336
23677,250537.4517331097
23679,169138.08425795572
23681,1857029.3647900587
23682,917470.1100922667
23683,3930453.405892654
23684,2377619.8608955117
23689,4055372.871672364
23690,237268.80536489948
23693,1112062.896109855
23698,681734.2294295046
23699,265824.37518969463
23700,1030577.1583829619
23710,446353.4988395764
23711,57192.86630453239
23722,3742340.375292339
23727,1299608.7804942941
23729,3915361.400809265
23735,171606.82518352117
23739,1048646.5542569056
23740,65448.59992690879
23741,537972.5293594989
23742,71993.13205261435
23743,721132.4299035472
23745,76977.17937976826
23746,1386780.9643363017
23748,221949.4531715652
23752,134440.38234801215
23753,738421.2335046314
23754,2544462.330952095
23755,1124035.5400448763
23758,584626.6656730939
23760,973630.8999709365
23762,2295988.45122928
23768,854105.5820974476
23777,397619.235616479
23779,552293.9690675912
23781,662985.1682547469
23782,4006466.4447555933
23784,337774.2601603041
23785,704384.0167384332
23786,583121.3739016881
23791,734036.900373614
23794,3811873.3492228347
23796,648009.0581112098
23797,534568.685803354
23801,583348.7983363104
23804,775678.1635947932
23806,536283.1957631832
23810,829271.5633357535
23811,2622266.9639887325
23813,3855497.2564518964
23814,4056307.8870944916
23815,91969.85299030319
23817,1743972.4577986149
23818,2516982.641994331
23819,1065322.8326594003
23827,645500.2588792616
23831,220882.26405798254
23832,143764.22630602712
23834,416304.35653508897
23835,633614.8038030457
23838,943829.4771976195
23839,450871.08981115
23840,201079.922916802
23843,648816.7581182509
23850,276838.6911915181
23851,336518.41825403157
23853,3708933.348721524
23856,5605860.952624456
23860,577717.09884262
23868,496011.88255644636
23870,635641.9673996257
23871,1080506.2839671504
23873,2295858.331231686
23880,92524.73873391056
23883,27917.655166539636
23886,1002574.5588405803
23889,1002132.0981058375
23891,3177095.158013102
23893,583593.6633894468
23901,422693.68172057124
23902,354871.14909320377
23907,874072.4567833439
23908,959032.263342255
23909,2363997.323596482
23917,73494.00195053445
23921,712529.9979953388
23924,349823.2493217038
23926,687201.8004589607
23932,613290.0409416496
23934,768345.6753507153
23941,655231.0746764872
23942,1534078.925604543
23944,34487.66330788931
23945,818406.2979338061
23947,1034890.5086707274
23950,591325.2576142233
23951,3871924.7787189307
23953,497667.92995865806
23968,3705447.067504049
23969,1116726.9019059476
23973,157274.30906128715
23976,3692347.3506938247
23979,930794.6730334
23981,3893664.471323964
23985,643786.7332918285
23987,619947.4145212113
23990,671154.7209393685
23992,175341.2860527312
24003,1032662.3373825644
24005,387843.6144959686
24009,736221.1551110158
24012,65416.99360944055
24014,1361046.0814836645
24015,1718024.9664027593
24016,485019.30060035165
24018,1112628.4265268184
24021,231702.09856494179
24029,2045695.6245280923
24032,1721613.65324293
24033,1616013.4901988066
24035,216757.33357457208
24036,599874.7693029017
24044,644504.7307538271
24045,317786.8914986538
24048,499236.81622050866
24052,142805.82717802713
24054,3092682.4159309114
24057,1140044.1216640945
24059,4145359.992064192
24060,310834.8730129966
24067,58376.45920547698
24069,1157316.9892126448
24071,2316976.3865326005
24082,646111.7167614576
24085,45624.56691490505
24088,902469.3598279319
24089,516126.16330333083
24090,3001242.5818438674
24092,679568.6504995371
24100,630873.7980690984
24102,910995.8537978088
24103,464391.1642653302
24105,78378.57678070257
24111,36240.24427215212
24112,1002529.9398863285
24116,584648.9430173994
24117,4161413.081907812
24119,811404.6965394011
24120,633087.6773120472
24122,284343.22085422784
24127,540627.4460952855
24131,578537.4429770253
24139,493169.45066845644
24141,26112.959431131592
24146,389583.51632530533
24147,1500611.9234356633
24150,157490.49853241333
24155,4501227.42804366
24157,140268.1745656713
24161,23695.70725710968
24162,260458.1885732096
24163,23931.444295925503
24166,1327219.54338038
24169,227543.60688725143
24170,542119.2788022711
24171,2480962.5453105755
24174,261608.09816941814
24175,28511.229623989184
24177,171858.46097374833
24178,240197.63342348323
24180,688845.7368487425
24188,184534.58818616657
24195,63396.10487563434
24197,477788.26574664924
24201,704831.2859819789
24203,141814.15586473604
24204,632236.5027046353
24210,1501836.4375994958
24212,235929.98805182893
24213,407693.1521825517
24216,155287.36485208123
24221,707013.8581633497
24223,198475.58440604224
24225,58074.63822934593
24229,475065.9897052518
24233,1295899.4833460823
24235,916533.9032582879
24237,703479.5449073006
24240,403722.15678650653
24241,229770.7966345816
24244,231353.40184914754
24247,1616959.845736201
24248,148878.92014503904
24249,98586.95642717839
24250,586308.0772257989
24255,168001.34904092058
24257,593545.3028128982
24264,738869.6667036773
24271,1029263.9796989944
24274,497705.8609504379
24279,628222.7433139283
24280,772653.686872445
24281,485185.6358030976
24283,844892.1867838738
24284,2439900.2900469033
24286,77113.89689342651
24294,628034.7348850946
24295,545151.8359117163
24298,1331149.4257146576
24301,476725.79478622647
24307,206526.15025265
24308,1135956.0920275836
24309,75989.72380433044
24312,719605.8637687006
24313,135269.71871206808
24314,132981.2223992093
24317,318593.20472668664
24318,411241.4205192118
24324,516798.8582842729
24327,843326.1672057366
24328,271083.2143803185
24329,776518.9814158928
24330,416004.6465620486
24333,605426.100151912
24334,386831.24131478596
24335,3888311.3213965707
24337,507538.8949000057
24338,3455997.8762997864
24340,631094.9395136457
24342,619861.1923707335
24345,4062628.122760563
24348,2314246.611369654
24352,647669.6059733208
24353,1694219.288262381
24355,18068.995082083064
24356,274797.5789349428
24358,2486386.4206811376
24360,1775823.295515402
24361,337943.8135271721
24362,120682.54703250442
24363,22670.575281692287
24364,1372062.2602839726
24365,574520.3899703432
24367,17516.01478553813
24370,623294.7086054776
24374,1058691.2748576337
24380,335469.0129531492
24384,269312.2196028584
24388,3016042.8975158213
24389,521149.467650648
24393,1826269.7093864505
24397,593841.135848355
24400,1935064.831233954
24401,1615196.9128490852
24402,1326293.6982264647
24403,169198.64227135628
24404,4055394.042421282
24405,572106.1429627399
24406,992872.0759968589
24407,3724755.176868914
24408,4122107.569929667
24409,263368.6863941311
24411,243199.80959183746
24412,1527421.0116351307
24414,489124.45932874165
24417,945923.5216975214
24424,670899.690498994
24425,877855.6815278206
24426,634791.4817285051
24430,3798359.1566323414
24432,485794.163776277
24434,676796.1744995961
24436,177054.53868023702
24437,3950270.6589339934
24439,697961.1807323031
24441,1266899.4395520196
24443,2880077.4257809687
24444,619196.6191449887
24448,179162.25907065888
24450,397222.85592266644
24454,354183.6861598757
24456,577715.3773153753
24467,462019.3076870424
24468,1089803.63081054
24470,514291.888941772
24471,240983.68275401622
24475,157799.4816688751
24480,707258.4276872377
24481,696821.8186588855
24483,976292.2457790084
24484,320618.3746454431
24485,437234.3113213619
24486,4002300.3531917282
24487,1396627.0841962844
24490,4034488.4155339734
24493,2235689.446360031
24495,1393300.5324752755
24498,315867.35607743304
24506,534201.1239909946
24514,113800.0739095711
24518,1109990.765208936
24523,663488.5006370129
24531,2229773.57324846
24533,3818721.1962885745
24534,451446.3683734185
24542,3722803.7733053123
24543,50835.59738426956
24544,565061.9301470058
24546,4217597.997374937
24550,999538.9792127803
24552,133817.65558550597
24553,76972.51448716305
24554,401842.4069321682
24560,571885.3302348224
24561,663921.0650899853
24565,744225.2841384358
24571,512038.3237893105
24574,613802.4892987406
24576,1096510.9190446357
24577,662306.0881140213
24578,3846735.49046198
24580,1123809.4975100812
24584,2130084.7930157143
24585,558796.8790273644
24587,20916.387437235822
24590,1397759.3920720844
24591,1343263.5405500233
24592,1420262.0669898244
24594,228970.49674463025
24597,47680.02466226668
24600,327341.1661489899
24604,39397.702250056085
24609,2997538.063589888
24614,573097.9503441172
24615,576642.4161701136
24618,590373.9937662248
24619,2487222.627134283
24622,601018.80720136
24625,2648165.0831204355
24626,2127074.3183347383
24634,129272.93178891108
24637,229935.1462510205
24638,690148.6241864901
24640,116282.94729417245
24641,3578448.5834262907
24642,437227.71644835116
24646,1128557.2368541472
24647,696062.7634966143
24648,603164.06511166
24650,501106.3050631035
24651,779585.8801181118
24652,1069168.0632725006
24656,561060.4752531978
24658,152749.80987069337
24662,425373.84724379575
24672,1129952.8749141344
24676,876679.1876723985
24677,2067108.62795803
24678,612221.8950288098
24679,535244.1224334771
24683,22708.00545825635
24684,4043788.9204310677
24688,1096778.7852900897
24690,718089.4324474984
24692,1614685.093701114
24693,1420455.1424069311
24694,135456.83738969156
24695,1905594.9265833634
24697,219424.05625025794
24703,1092468.4274597385
24704,288482.6815254453
24706,575060.7710498994
24712,3653479.3103008126
24713,3565658.9113551895
24720,1298919.8283989627
24723,1205357.3473746267
24727,243921.48838686934
24731,745781.6305070992
24733,1154879.8224573513
24734,913849.7081046181
24737,2410497.603035371
24738,279228.6450204704
24740,2036176.61164903
24751,452534.42395297054
24756,2401655.2086267183
24759,230103.44878425504
24760,3965750.619222801
24761,145445.97360011787
24762,454148.97479873424
24773,1172144.1262023905
24778,407917.3589773766
24780,3943284.689140518
24786,3669481.2480185665
24787,663261.2271527398
24789,1553237.9757893821
24796,3005402.1383051714
24799,926036.898128407
24800,570901.908017597
24805,81871.6933844154
24806,588982.5665574664
24809,530122.5385465113
24811,283285.05001295253
24816,2027586.5959440612
24828,618221.9912658819
24833,142012.97145987066
24837,3946190.374639573
24842,889668.2775600521
24843,603055.2687470055
24844,893036.3903175461
24853,463684.1005394944
24855,904565.2787991854
24856,664404.6001770861
24858,492020.32690654555
24859,2414166.453250473
24867,1791447.9880408966
24869,682045.5074433325
24873,840365.9381281164
24874,686024.253839644
24878,622345.0949661257
24882,292011.2192509107
24885,493874.0092904341
24886,325030.72038937267
24889,924736.4258133488
24892,1743732.381287934
24893,1008572.9233559163
24895,234015.10815720496
24897,1481759.6918058018
24899,57696.33843333799
24904,2162455.1542704008
24906,1411083.0346261691
24913,1068242.6035016398
24914,661906.7628176403
24915,59276.831952060806
24916,2481595.696002638
24921,1998807.6317716967
24924,1037176.9431800039
24925,738210.3594797796
24927,1320859.479526766
24928,1047157.1161771538
24930,212017.12244943785
24933,3899803.073003836
24938,48991.99351617627
24939,843983.6958634212
24942,44356.274634076064
24945,507971.3405152416
24948,201281.25993383676
24950,3687174.4792606127
24953,262650.63285147643
24956,254869.5375175494
24965,191750.91113843163
24966,681563.6873021901
24967,578963.5125856191
24971,273895.86511229246
24972,1322175.263219462
24975,807990.6823241126
24981,1083229.6760937257
24983,576191.0367363787
24987,238804.00862155276
24995,562342.462006156
24996,678322.994225126
25002,212949.23290783417
25005,246560.5929909063
25008,1562143.8128225869
25010,581891.7575030994
25011,917217.2254994558
25012,894922.0421473758
25014,219861.3608819402
25019,3019041.9176415587
25021,787556.0361927182
25026,250595.840595177
25029,286179.6470652215
25031,3713163.680952164
25032,555739.4595404293
25034,190524.16955318436
25039,343357.4242847235
25049,3780995.8743669763
25050,346368.5477966668
25055,1604125.245189456
25056,1011774.3440769546
25059,238209.35675874955
25060,1080030.601322933
25062,182556.92649584363
25063,2726754.9850836843
25064,588176.8826609934
25065,765282.7168399811
25066,877776.2953919348
25067,579017.9529190277
25071,2622694.3600065806
25074,142755.63410132565
25077,3602764.9678001096
25087,3158788.7278174306
25088,540447.6871214863
25089,1019806.882953474
25090,53491.49439795709
25091,4398718.610467887
25095,622707.9333786635
25096,572156.2392873513
25098,53581.363334819114
25103,139053.42743144062
25104,768149.9981528112
25105,73983.19383517644
25108,661631.6317248633
25109,287216.7207033896
25110,2266271.952143949
25113,3866314.464998139
25115,131603.74488143285
25118,126838.05158958434
25121,828484.0703472825
25122,3814033.8015686367
25123,670073.2922790409
25131,302978.2387508339
25133,1502567.7011290514
25138,201358.80447106762
25139,4007324.820585043
25140,621709.8383069689
25142,57544.541360005795
25148,199162.2726803651
25150,1306601.382398152
25151,1343263.5824457172
25153,1707936.2593986124
25156,684639.7932061481
25164,628037.2486203038
25169,1867789.522222826
25171,513281.83468311536
25173,125020.62341855768
25177,66660.61281518036
25178,605967.4854721309
25180,254674.7822945409
25186,715763.8798946948
25190,75382.01825996295
25192,2306217.1105966335
25194,19897.21288342545
25200,1143251.4291604771
25201,233875.54058639152
25203,619614.1245080864
25205,171800.80301974327
25211,24705.764913955332
25213,494744.4242081858
25218,232173.1064763652
25223,1177231.6597955413
25229,142103.53391740695
25233,747639.4310324034
25234,605135.912731644
25235,776694.7979056903
25236,481720.9852452921
25237,466677.72847131744
25239,531529.9466533405
25242,154621.85682825785
25244,1518287.004576993
25245,900696.4213507271
25248,518077.85618197033
25254,600088.4796013237
25260,3079184.4464666573
25262,1412492.1239819247
25264,1112197.9434918212
25266,704839.3386369718
25276,173718.4215466431
25277,189211.67395994096
25278,6529282.935999425
25280,532236.0385203877
25283,579140.8535728684
25287,450536.1015277829
25289,596618.9821987648
25292,3871619.0099766585
25295,593475.2833666605
25297,2684198.1643927037
25299,831749.7754027992
25303,516402.46398375096
25304,654420.1514244551
25305,432696.5385417127
25306,1474912.0841986646
25309,777257.0087319044
25310,245810.95825088362
25311,856433.91714857
25313,225323.4980646471
25314,238932.84126962154
25320,1495509.36191633
25321,189626.93624634523
25329,211701.15206974573
25332,464677.4923536382
25333,582117.9272272609
25334,541968.8712921372
25336,793285.9035601448
25340,236353.91580300918
25342,970273.6787186639
25343,579017.0324866803
25345,464306.2356250037
25350,139414.96851811485
25355,4179162.999204836
25358,642358.080427827
25366,1034408.4011175022
25367,1108807.5608833688
25369,2044644.9904184083
25370,1209186.2801358285
25372,3949115.6183412047
25373,24149.196920079532
25374,2018762.522924503
25375,294823.85777297756
25377,57957.3022889932
25378,1352522.3425752542
25381,553702.2007460535
25382,428819.4822410174
25384,439636.7435744064
25387,977245.0260456714
25396,744649.4160737481
25398,467579.7577438856
25399,671879.6078439543
25402,3717961.0163781405
25409,209096.5590563467
25413,2294045.2697818885
25415,3265960.288586694
25419,3072748.5793042807
25420,1070799.9481907373
25423,2471543.2671265984
25425,3789957.648049192
25428,823396.4076140303
25451,160537.33051816287
25457,1861385.6926391905
25463,128017.04868666544
25465,698343.0211942317
25467,662936.9035579293
25469,227438.45424914575
25470,4068202.557331771
25471,2025460.3393998765
25472,2226466.6571269627
25474,146010.4742873086
25477,116970.70958845144
25479,256214.5859554315
25480,3740118.5525278826
25491,2919954.843153145
25494,238301.74787380203
25500,2445026.161596241
25501,764970.2923279771
25503,1282223.5731144731
25506,639574.9610228221
25509,535389.6851412025
25520,442445.28664513474
25524,132995.5195218941
25525,723592.9754202258
25531,23310.927603912784
25532,413949.948961691
25535,156157.65170787825
25546,140840.2625980178
25547,777827.7394809516
25550,290683.4871239439
25553,1312690.2508746905
25554,1257681.1067140785
25559,1405626.2595591962
25560,2276487.8940414144
25562,1010082.4336015875
25564,933315.3933387257
25568,1048027.949500978
25570,1372348.6587664015
25577,471827.29609935556
25579,133533.6374923372
25580,2252297.57818365
25583,857438.2032704239
25584,739024.8483635673
25586,658268.9050943725
25589,1246495.6507961566
25590,706461.9895358842
25594,436928.95253911224
25596,646456.8562507846
25599,606974.4748076907
25603,1641306.1013102806
25605,2024014.9126214653
25608,205485.0151074562
25610,683303.4471152567
25613,60267.43134027289
25614,592265.1637997791
25619,77174.4649924897
25625,559326.0798460657
25627,3840585.1499176836
25628,227513.99672799918
25629,1272936.512156111
25633,141767.622385632
25636,173548.78981012493
25638,597043.3822382046
25640,538057.0407221745
25643,2018341.8471547454
25644,631920.5328961704
25646,1808304.3017235897
25649,310384.3208742005
25653,53166.82392183255
25657,1213930.6175007345
25660,339386.6303810257
25664,766450.9774774355
25666,3598186.035050699
25667,1091151.7851782453
25669,653235.8901399906
25670,381067.69672826777
25679,159829.44783965804
25682,485420.1686376015
25685,1123336.9756377265
25687,945689.9225064656
25688,897507.2344369345
25691,5351576.618931236
25694,711451.3527376
25695,2354118.743044891
25701,648212.7410153609
25704,830852.8367574255
25705,3810405.57464507
25707,200927.25337077552
25709,91956.31624198974
25710,105625.40394424787
25713,1072445.183755252
25714,3934840.959639718
25721,2579270.2154341214
25723,463092.8421486182
25725,242672.4347258352
25727,192158.59385106683
25729,671236.7644704743
25734,1357294.546863078
25737,3842410.2832924845
25740,49097.013918170334
25742,64418.33512473219
25748,237309.42144470324
25751,22259.100394179935
25754,620064.2648123305
25759,685804.4714788246
25766,256652.67080751486
25767,734254.088371797
25773,559389.7764630956
25782,985133.1459163878
25787,1922520.9710562334
25791,3883528.373570646
25792,3731598.059496291
25793,2456106.345844444
25796,565805.2624104987
25799,3805789.336483612
25805,166423.50952555583
25809,239285.89311648998
25810,1892412.7331867581
25819,19802.501719906988
25820,3093526.4529149556
25821,424778.1652494148
25824,2829142.9312311155
25831,469170.381205204
25840,194317.28533497627
25847,662028.8408514153
25848,3041623.026852687
25849,3906070.9666510588
25853,355577.1142931658
25859,870233.4079582946
25862,740490.642786381
25871,1871605.1212337704
25872,714837.9314813585
25878,381579.23089737084
25879,4022285.474945123
25880,1241378.2264687913
25883,19685.7165175957
25886,1227068.2679126177
25888,222225.56153333292
25889,1108294.2172380928
25890,4028633.717394124
25892,556958.6262938529
25895,563932.2167528071
25897,1108050.2460708325
25899,1052665.8008290075
25902,231862.14839558772
25904,3787364.739977026
25906,129294.39716821103
25907,3855656.046357717
25916,207712.2112167396
25919,343314.9927369882
25922,231559.21024982343
25929,1145047.9974338023
25931,3854152.3587066405
25932,2625664.1093211374
25935,628900.1377695845
25940,472173.02646466065
25941,429117.4022452699
25944,864853.9572902704
25945,1569593.0103841524
25953,89328.89167692454
25955,128821.31568794449
25958,3961739.670503547
25960,824502.1902598523
25961,608280.3111922833
25964,656256.1241240342
25966,497726.93667243194
25968,2552437.5588097875
25975,928757.7974795788
25980,945562.7759011976
25981,906772.0821160238
25982,662233.5610108923
25990,592465.8266568193
25991,275291.71295740287
25993,762199.9097500617
25996,2637847.6271469016
25997,3889186.211837017
25999,1221811.8031790962
26003,1486097.9604178683
26004,126947.2828111947
26009,420694.5329319513
26010,447878.14967597515
26012,252094.65343821756
26014,25357.376013342393
26019,2760292.4426062433
26024,1113768.386773522
26030,142891.61499666795
26032,476238.0199682527
26039,54262.678237564956
26040,2037558.6135038245
26045,635254.2836417313
26047,449246.8302624459
26050,1735502.962627618
26053,614396.2549998948
26055,1060747.0990262493
26056,20473.294075709768
26058,684919.3168494435
26059,773382.3329913798
26062,2131669.8127707397
26063,602017.1024033559
26066,81915.53856581864
26069,1838467.3827153726
26071,738057.2741901559
26072,1014583.024945681
26078,623193.2969493021
26080,1725532.8007819667
26081,593947.9520008252
26084,518265.19265561143
26085,1560852.5999956995
26086,533519.596570343
26089,4150235.381435345
26091,543075.006018334
26096,155822.41146456127
26099,1574711.6404072265
26102,605558.7694184297
26104,572392.9531185149
26106,737962.0892859113
26108,744801.1272224578
26110,77222.77102306511
26111,244449.8393155046
26112,3204406.4476543926
26118,1077512.439208803
26121,982241.6132381728
26122,1148746.5250417958
26123,565339.8331969958
26126,3777576.7193896947
26127,503790.5622131317
26130,828076.9179893638
26131,1299930.89083124
26134,393534.1687321857
26138,532938.9808394106
26139,221810.2948876694
26140,140988.49560660854
26146,53204.79571135427
26149,363295.82902320183
26155,1540552.3584524184
26157,123189.44630913805
26158,150112.29175601812
26160,160415.81218572325
26161,819439.0127384219
26162,3981275.9708843925
26163,2007811.1793955022
26170,1082809.3793781986
26174,1137172.9393054347
26176,769423.0258786075
26182,649653.550521887
26184,130461.5095064705
26186,446919.8111028695
26187,214937.65612711967
26189,1089545.7866453996
26190,984962.381793302
26193,61212.81074739795
26196,595368.669523759
26203,3504963.5335031613
26204,667704.2454463898
26209,813161.4246405956
26214,160798.34481797396
26216,62593.58778505227
26217,707525.8998281385
26219,3854470.7907714653
26220,1083594.6393948435
26222,1313394.8751189846
26227,615222.2108232236
26228,557222.2080967356
26232,3215522.4459224404
26233,148355.2205195891
26235,541311.9941964878
26242,544265.5224206825
26243,1055064.257855681
26246,354418.6227715412
26247,573340.4764579376
26252,644492.1195292394
26255,1156709.4019871976
26259,236907.0639459362
26263,245347.00922000362
26264,3736689.2759662643
26265,839775.8774257974
26266,644355.8894370209
26267,54109.57290475908
26271,907501.1968347741
26276,746605.0969709136
26277,37926.946468630566
26278,136433.98801226384
26286,678149.90042763
26289,1122059.3791777997
26292,2469780.804922537
26294,494637.5994346146
26295,240685.0537395827
26298,362110.9125511026
26300,3820056.018058067
26301,722611.6631017736
26302,41509.870440654144
26304,267788.20750503807
26310,1591810.3156566098
26313,132821.55523796286
26319,176345.8186840893
26321,442671.3806661421
26323,208083.1838133849
26330,26905.806455199217
26331,828106.8313471529
26333,218129.84197112083
26334,891611.1903873926
26335,54570.11841401491
26336,422855.638735097
26337,2194267.061878256
26339,193270.67035769514
26340,115761.3971632866
26342,60222.6867183978
26343,2330477.565439219
26345,237367.49165946798
26346,3725367.2511222316
26347,3040503.552175869
26348,700413.8238651322
26354,630835.2480731489
26358,2517562.1853755545
26363,799341.4544811299
26370,85215.85030503027
26371,613982.5908492007
26374,581794.5595471679
26377,185880.68759831783
26378,1321883.4031963574
26379,3940237.131777685
26380,547040.7219227004
26383,385319.2879812807
26384,1647285.881119845
26385,429321.1152501342
26387,418555.43209749175
26388,546257.59425814
26390,2102057.955062832
26392,707186.4493221985
26394,456138.3420906432
26395,1173089.6678419013
26398,187188.6721090915
26406,615115.266486023
26407,394211.0314748951
26408,743178.8718122898
26412,479541.35670645174
26413,1105955.8334363145
26414,570160.2790471911
26419,158554.94937860145
26426,3908113.706926747
26427,775755.1824801482
26428,899809.1034368095
26429,127139.62404762328
26435,722982.5840582676
26436,305361.68813188764
26442,460891.5015472499
26444,240542.47085880765
26445,962004.112287547
26449,732002.2427327033
26450,979249.0302336144
26451,490449.5189872402
26452,3659419.860913549
26458,1272003.8622678001
26459,225997.15751764923
26460,178851.89712118058
26461,2273866.51211964
26462,3102908.6007087016
26464,855774.80201545
26466,651955.3539086139
26470,3902490.0286464286
26471,1353215.6569626841
26477,158222.00185606824
26479,3768051.7810129654
26483,565008.7639761631
26484,1531025.920133971
26485,698112.3495769486
26487,218710.70362301037
26489,1199851.8632869849
26493,260136.98902342608
26498,547747.5395993016
26504,586782.2336466552
26507,168540.2045496654
26508,156425.95245963222
26509,650147.3898176481
26513,380224.1618351339
26523,2619798.779804819
26525,654454.4710543478
26526,1183297.8819933813
26530,812722.558674001
26531,544323.6040775036
26533,173342.28973520195
26534,662238.8793348763
26536,616910.6470915466
26537,887983.2140212028
26541,3794290.8159207297
26545,1140433.801972384
26547,582435.8238124121
26549,515238.6045891587
26550,295112.063920861
26551,651634.4604262889
26553,793760.6738992382
26554,2537359.047008031
26555,23131.69616994419
26560,410953.33894583915
26562,825344.3957334172
26564,25577.04412247027
26566,743772.7817274197
26569,31296.233228642373
26571,545035.8595822166
26573,1882918.1011102847
26574,753599.8993004113
26575,232743.25171454967
26578,258252.1473719151
26579,334296.30560668086
26582,753004.6102064452
26583,657802.4361901322
26587,55607.29965264264
26592,155058.51153684102
26594,371865.43623057357
26595,1129601.482468116
26596,663027.2890513963
26598,137923.32607308
26604,576468.2832917842
26606,69681.73809705496
26614,2169366.8529290073
26615,463296.92478343996
26618,818163.4882700947
26619,1262275.9703712373
26620,1068077.6678260507
26622,1905541.6305434383
26627,606417.4596405788
26628,141613.18076411277
26630,3741131.8586704605
26634,1821474.5417044607
26638,48543.95143987413
26642,551655.3288599149
26645,3350292.5353076584
26647,445108.866219298
26651,364456.3847550759
26652,4415648.9006994
26655,806601.6189315403
26658,611890.5422974775
26659,569693.5510520971
26661,632373.9796952766
26662,600137.6960423605
26664,802993.2522880472
26665,166554.61308436358
26667,81078.92582810963
26668,234149.2417974872
26669,417564.5620689932
26671,1755596.8875516
26674,366391.1103143852
26675,616708.2117524308
26677,2601657.3621261297
26679,573702.824673187
26681,3873561.6172718136
26682,116820.18444889394
26683,679533.5334149618
26684,826484.102488121
26686,251600.42725131844
26687,120436.11226117928
26688,569632.7492077035
26690,446589.23900130886
26691,95913.90677914234
26694,1122479.0178444888
26697,236621.11815243916
26698,770694.7020673146
26700,3340608.9190304815
26704,738662.3580598704
26707,829249.3777650079
26714,538753.4535130726
26715,1316813.3178626634
26719,702314.7005299317
26721,212910.16202917727
26723,937866.7319151042
26729,1264624.782742577
26730,317041.824260357
26732,856812.1213331572
26734,1304384.2975692134
26736,598269.1237419982
26737,127442.22353382912
26738,145643.49116768577
26743,454468.6217570662
26748,136922.853277301
26749,831366.4690563922
26755,390348.989567809
26756,1393447.548518248
26762,145011.5211058141
26767,370223.6751103303
26768,517877.6266831619
26769,250566.4557637075
26772,759154.4185799009
26773,561462.9645557025
26779,2673846.0908339764
26780,1330250.860183048
26782,437443.08621540025
26785,552812.8492850617
26790,600410.8498259526
26791,3125380.2971516848
26792,1017963.1625103226
26794,344154.64968589414
26800,795818.2261807788
26806,849082.1484587507
26808,239473.79157990235
26814,657590.2594863995
26817,686737.090338755
26818,533187.5768110856
26819,144267.06402176834
26821,1714792.5916258746
26833,54299.224697109144
26836,841845.4916218973
26838,415801.6924915814
26839,599294.8057653034
26842,468726.56220627256
26845,3790974.866300657
26847,408203.2431193942
26849,693243.6134629023
26850,790135.7143953446
26851,183805.37175297266
26854,2439674.2628076407
26857,3874524.457585396
26858,147589.98809344717
26860,1988844.7336711374
26861,4044507.166524055
26863,58640.529105122005
26868,1253798.616302089
26869,50212.131956908896
26877,139194.59086198927
26878,194429.58628254707
26879,467890.33644901926
26885,1610941.4304475395
26887,1168312.8412638092
26891,492509.0761020367
26892,1665331.031356395
26894,970387.0408480286
26895,542651.8567167174
26898,3292577.9687604546
26903,366812.4441894051
26904,1941285.5421522611
26909,1527114.3312972428
26911,1659599.84453144
26916,1571337.6905146656
26917,224168.41077860518
26919,1038220.467350273
26934,406485.61342862854
26936,649188.6374660889
26937,479696.9612809794
26939,763931.917608364
26941,2816138.8177610454
26942,197001.4744884383
26944,514647.67132129153
26945,185832.03807969546
26946,3763488.037937711
26947,3677303.9944423656
26948,671299.3744044518
26955,1762048.0598618514
26956,798488.9953212041
26958,167504.3293835049
26959,1029451.041787827
26961,1654036.7885066296
26962,3629507.5043445593
26963,1961713.0762751095
26967,897318.7749083271
26969,530494.6447517023
26971,516960.29573123035
26972,683669.9211601425
26974,189576.80407834332
26975,211834.83305878247
26976,607743.8065123915
26977,1730300.2844529732
26980,413718.91166406346
26983,72051.76209132539
26984,580753.7263361632
26986,609613.925030565
26987,265196.42745881825
26988,597317.2357713337
26989,206409.8599124248
26992,723036.1369610189
26994,240336.56179590285
26996,492744.4215685306
26998,501274.36492918513
27002,1347597.064203919
27003,584836.9431798832
27009,424248.5919589259
27011,674716.8392271207
27013,3694020.3403191525
27017,1770058.6645770061
27023,534820.3446038656
27024,598620.2224260691
27026,171886.44254611115
27028,527451.9575491352
27029,1092767.9564124758
27030,1382769.0544027083
27032,607349.7846579558
27034,574512.4561262771
27037,363060.97650144674
27041,670080.357184457
27042,666079.9115173742
27046,809867.9268578576
27058,383323.11981653544
27059,3730526.4949788735
27061,961654.0700942855
27063,1430358.4785920207
27068,772250.5799967713
27070,745160.9130131707
27072,669903.4190052991
27074,3980875.791187276
27075,816955.4049104613
27076,1175071.0822877963
27077,338982.3035734425
27079,227623.37811160315
27080,138673.23097195307
27081,593126.2209362458
27085,53457.38917912874
27087,636270.1453643222
27091,1636985.9550966087
27097,3740436.4651645008
27101,572804.5613591284
27102,610204.5981042251
27105,1570753.2797584753
27106,378391.25612330466
27107,3863759.2619552338
27108,361465.3895837172
27113,340938.02338020416
27127,2213958.474829892
27132,540808.7510725622
27134,129732.59978618335
27135,382361.64160186454
27138,123759.00015861422
27143,935584.2370632779
27144,599647.3196241192
27147,244434.08049808018
27150,406762.03029441513
27151,2810801.01847073
27152,1063700.9525939855
27155,279729.30959886644
27157,722705.0909482845
27162,311866.1755616809
27164,1001344.1627382861
27169,446276.65552478237
27170,1401848.7376632337
27172,479660.5935335157
27175,622248.5877951516
27176,1390965.7292122191
27177,1789878.1069983619
27188,2316424.8329247525
27190,4141346.092489346
27192,274093.5699158503
27195,3698681.33150088
27196,234272.13426840553
27198,733201.3006594322
27200,2220530.6982039968
27202,627280.5967132255
27203,1200985.5717640556
27206,463481.85225530923
27207,4510894.133731448
27208,361127.93144967285
27211,256632.3104494686
27212,29042.27274241218
27213,584196.2460662259
27215,208301.91103088984
27216,3662602.649274001
27221,612186.5654637394
27222,4131960.484831204
27224,4161056.315197299
27226,447850.6619189349
27230,233259.34493919116
27231,2457483.0194173683
27232,774523.3009939552
27237,144871.33450548182
27244,76465.0601261246
27248,802251.325718034
27251,17472.417988375386
27254,202160.0182754019
27255,34696.544765882936
27257,1999954.6808772213
27262,275327.22984500823
27263,1138895.876149977
27265,616515.0843275437
27267,489033.0389622909
27268,198956.75688929585
27273,492084.72901476565
27277,739592.2865472917
27278,724565.4659618603
27279,403440.1940149531
27285,1063358.7424975915
27287,25003.593940671137
27288,194339.1686253091
27292,1172921.1564972007
27293,387337.4883795044
27295,221531.81188336055
27297,254940.47377822187
27298,2242385.1863883245
27299,228799.53590197
27303,237676.7707818875
27304,54439.041712890416
27307,1129707.58103504
27311,1500044.0585522505
27314,2330656.600174611
27316,594310.4135879459
27317,947714.7169747751
27318,713711.8876942542
27320,1070081.1159143778
27324,232672.23094158806
27325,678978.6613079562
27328,684261.4430286702
27333,694641.8311410438
27342,22289.544192141315
27344,2425688.0729435617
27350,2223569.980211799
27357,3921991.408828013
27359,487095.43185343983
27363,572548.2611666434
27364,1138020.35230726
27373,599961.6052045673
27375,821412.8635618553
27376,1140161.6039014896
27377,664884.6506199904
27378,322615.6131657654
27381,603891.7672373771
27389,355959.98886680935
27391,758129.4279387255
27393,1317436.3396996201
27394,1467569.1961869947
27395,143593.59504577678
27397,276608.254336291
27398,1073347.9481547084
27404,23449.196126302162
27405,3921878.907954754
27407,56668.22615409645
27410,1174413.3944302795
27413,245174.0829607643
27416,4130892.3862632075
27420,861666.9612854125
27424,486933.87271587976
27428,4361118.925864236
27429,60206.56417664487
27433,676380.3375634655
27442,637186.9131952985
27444,913079.237973149
27451,1037789.3129954569
27455,405598.83198821405
27459,725704.9718689838
27460,3722007.5382990683
27462,583405.454542443
27463,51717.958609842884
27464,21457.565083418096
27473,430031.17361378873
27476,159326.67132860798
27477,527517.6804191993
27478,1153760.3631271075
27479,579741.1700376812
27483,272448.35174345353
27487,433726.0141045368
27488,405025.5218168801
27489,229705.70475142857
27490,556912.5209370165
27491,845433.8351754369
27493,1281892.2671957507
27496,3043664.901107977
27507,2611278.3292218484
27518,1616398.7253186246
27519,1079554.9993360392
27521,667070.1543485785
27522,558324.1509090443
27525,1110524.2812902958
27527,2527049.0648004883
27531,864652.9996325418
27533,519251.5338606082
27538,3699940.914259268
27542,901883.9700256827
27545,469460.5148243509
27547,3692660.665086838
27548,741455.8906208505
27549,829059.8771502171
27553,1219881.0586838883
27554,1306242.981600583
27557,1541249.9716151662
27558,526320.5938185288
27559,2945026.7837056993
27560,495834.05772567476
27563,992788.501879798
27565,3592199.765175858
27566,1428947.894326987
27567,282625.2912483878
27568,211773.47912862082
27570,392161.7900456753
27571,160351.88721600318
27575,2585554.2053918433
27576,538416.7551924351
27579,1163848.947488652
27581,91069.47711546253
27585,22579.03956458731
27589,475582.8043982205
27590,3762725.1625470384
27596,838158.7370423
27597,497840.7818375943
27599,536752.7799529806
27600,1199788.6964936107
27602,3919862.4858924136
27603,839607.7765625428
27608,519594.7518970673
27611,375960.96416900767
27613,262445.60647646646
27614,264778.83474399697
27618,1696094.393196069
27622,482874.8931048542
27624,113634.27590472618
27626,181802.84002013595
27629,308267.7436971291
27632,3824440.600384249
27633,743101.2762320383
27634,606408.2508846207
27637,370746.0749793596
27638,124045.77105915103
27642,244871.10391203317
27643,3992824.5565370386
27652,3763126.6315708235
27659,519840.2768002658
27660,594397.9915284222
27662,1819689.3518335368
27665,923923.02674515
27670,56805.09570770917
27671,579342.9391645674
27677,2130829.012855305
27678,1005701.1479224676
27682,253413.51323690015
27683,315997.3567047623
27685,733863.9370620135
27686,901406.8021533422
27697,3718434.7979733604
27699,1354591.9155643384
27700,2424269.97502701
27703,2270712.0785675207
27704,1103872.5711561954
27708,578184.2956171583
27715,904015.0291815042
27716,1586394.2807944492
27717,1408198.4745794572
27718,447424.6862345334
27721,1154756.9173086465
27722,168813.0401880254
27728,562078.5542005514
27729,3030089.907310373
27730,25662.755433448572
27732,2203305.39846514
27737,602708.7095000074
27741,611147.9820269338
27743,602274.714647512
27745,182644.35441973363
27751,2025390.7770983493
27753,595966.4644390685
27754,686771.7449718273
27757,714618.5833012951
27762,357356.43088307395
27763,197643.79225470044
27765,632457.0486443348
27771,1016579.0755686797
27779,689287.3047741998
27781,791096.5423147928
27785,239185.91247610145
27786,430638.4099858405
27788,504135.81144738814
27789,424878.4175552542
27791,359409.5318375473
27793,436459.5300419635
27799,746806.7820315197
27805,641752.876068035
27808,604652.9448977951
27812,1705057.7863125913
27815,1743278.354186945
27816,942128.3273623846
27817,1364358.3953027476
27818,799347.0902751258
27819,140809.62535832333
27820,374111.94171549333
27824,1739913.062444189
27825,1438236.8629205574
27826,1101275.2700954324
27832,293887.1988869672
27839,3922206.1675792453
27840,135771.307377327
27843,664681.9771350977
27848,396029.15767293534
27850,478473.92542544013
27853,1667026.8399803748
27854,770250.7438008424
27857,29643.833254529578
27862,1109569.3116869996
27864,481436.1253177106
27865,253096.66024093112
27866,699174.2027092236
27870,793785.1325554422
27872,645305.1517249794
27873,696393.0235519877
27874,400508.36501858116
27878,574644.4206910767
27879,974031.5102238987
27881,695288.6703546251
27889,752203.748488847
27890,3846515.3868857003
27893,1014277.8323045193
27898,1160025.1336814398
27900,396674.0632662664
27909,248952.44495651426
27918,3952101.24346825
27921,148475.77921769096
27940,24359.26889753195
27941,3935037.315095225
27946,1067566.8930000952
27947,645703.7261862349
27948,219518.90599634458
27949,620531.5980317283
27952,913448.8252347825
27955,3834970.661963862
27959,587186.3935140369
27960,2347619.9444140173
27962,921839.9494338958
27964,631381.2590006926
27968,1403282.3638567
27973,376653.33094770496
27976,936394.7086933696
27981,602605.6639180464
27984,250480.3823469781
27985,1707703.7594771998
27986,3977283.2828481025
27990,714418.4868509835
